timestamp,temperature,humidity,wind_speed,wind_direction,rainfall,precipProbability,summary,icon,apparentTemperature,dewPoint,pressure,pressureError,cloudCover,uvIndex,visibility
1544630400,26.3,90.0,1.69,347.0,0.0,0.0,Humid and Mostly Cloudy,partly-cloudy-night,28.8,75.99,1011.25,NaN,0.79,0.0,7.58
1544634000,26.3,88.0,3.43,342.0,0.0,0.0,Humid and Mostly Cloudy,partly-cloudy-night,28.7,75.44,1010.98,NaN,0.87,0.0,10.0
1544637600,26.3,87.0,5.21,343.0,0.0,0.0,Humid and Overcast,cloudy,28.5,74.92,1010.65,NaN,0.96,0.0,10.0
1544641200,26.1,87.0,6.21,343.0,0.0,0.0,Humid and Overcast,cloudy,28.3,74.7,1010.19,NaN,1.0,0.0,10.0
1544644800,25.9,88.0,6.52,340.0,0.0,0.0,Humid and Overcast,cloudy,27.8,74.74,1009.66,NaN,1.0,0.0,10.0
1544648400,25.8,89.0,6.86,340.0,0.0,0.0,Humid and Overcast,cloudy,27.5,74.81,1009.41,NaN,1.0,0.0,10.0
1544652000,25.8,89.0,7.19,342.0,0.0,0.0,Humid and Overcast,cloudy,27.5,74.93,1009.66,NaN,1.0,0.0,10.0
1544655600,26.0,88.0,7.56,346.0,0.0,0.0,Humid and Overcast,cloudy,28.0,75.09,1010.17,NaN,1.0,0.0,10.0
1544659200,26.6,86.0,7.97,350.0,0.0,0.0,Humid and Overcast,cloudy,29.2,75.22,1010.66,NaN,1.0,0.0,10.0
1544662800,27.6,81.0,8.45,354.0,0.0,0.0,Humid and Overcast,cloudy,31.2,75.35,1011.09,NaN,1.0,2.0,10.0
1544666400,28.8,76.0,8.94,359.0,0.0,0.0,Humid and Overcast,cloudy,33.4,75.48,1011.5,NaN,1.0,3.0,10.0
1544670000,29.8,72.0,9.37,3.0,0.0007,0.05,Humid and Overcast,cloudy,34.9,75.54,1011.64,NaN,1.0,5.0,10.0
1544673600,30.3,70.0,9.79,6.0,0.0066,0.25,Humid and Overcast,cloudy,35.7,75.5,1011.34,NaN,1.0,5.0,10.0
1544677200,30.6,68.0,10.2,6.0,0.0261,0.34,Light Rain,rain,36.1,75.38,1010.79,NaN,1.0,5.0,8.56
1544680800,31.3,65.0,10.57,8.0,0.0467,0.32,Light Rain,rain,37.0,75.22,1010.21,NaN,1.0,5.0,6.24
1544684400,31.0,66.0,11.01,9.0,0.0491,0.33,Light Rain,rain,36.4,75.01,1009.6,NaN,1.0,5.0,6.14
1544688000,30.3,68.0,11.42,9.0,0.041,0.35,Light Rain,rain,35.4,74.77,1008.98,NaN,1.0,3.0,7.16
1544691600,29.6,71.0,11.52,9.0,0.0311,0.35,Light Rain,rain,34.2,74.57,1008.7,NaN,1.0,2.0,8.0
1544695200,29.0,73.0,11.14,8.0,0.0199,0.34,Humid and Overcast,cloudy,33.2,74.44,1009.02,NaN,1.0,0.0,8.0
1544698800,28.3,75.0,10.44,5.0,0.0116,0.32,Humid and Overcast,cloudy,32.1,74.37,1009.67,NaN,1.0,0.0,7.81
1544702400,27.8,78.0,9.74,3.0,0.0083,0.32,Humid and Overcast,cloudy,31.2,74.33,1010.31,NaN,1.0,0.0,8.19
1544706000,27.3,80.0,9.08,0.0,0.0049,0.3,Humid and Overcast,cloudy,30.5,74.4,1010.92,NaN,1.0,0.0,9.89
1544709600,27.0,82.0,8.4,356.0,0.0021,0.26,Humid and Overcast,cloudy,29.9,74.53,1011.52,NaN,1.0,0.0,10.0
1544713200,26.6,84.0,7.92,353.0,0.0019,0.26,Humid and Overcast,cloudy,29.2,74.65,1011.81,NaN,1.0,0.0,10.0
1544716800,25.9,89.0,3.29,1.0,0.0,0.0,Humid and Mostly Cloudy,partly-cloudy-night,27.8,75.02,1011.41,NaN,0.79,0.0,7.93
1544720400,25.7,89.0,5.59,8.0,0.0,0.0,Humid and Mostly Cloudy,partly-cloudy-night,26.6,74.73,1011.0,NaN,0.88,0.0,10.0
1544724000,25.4,90.0,7.93,8.0,0.0,0.0,Humid and Overcast,cloudy,26.3,74.49,1010.58,NaN,0.96,0.0,10.0
1544727600,25.1,91.0,8.78,5.0,0.0005,0.14,Humid and Overcast,cloudy,26.1,74.46,1010.15,NaN,1.0,0.0,10.0
1544731200,25.0,92.0,8.44,358.0,0.0022,0.16,Humid and Overcast,cloudy,25.9,74.55,1009.72,NaN,1.0,0.0,10.0
1544734800,25.1,92.0,8.24,353.0,0.0042,0.18,Humid and Overcast,cloudy,26.0,74.62,1009.52,NaN,1.0,0.0,10.0
1544738400,25.2,91.0,8.26,349.0,0.0045,0.19,Humid and Overcast,cloudy,26.2,74.62,1009.74,NaN,1.0,0.0,10.0
1544742000,25.6,89.0,8.42,347.0,0.0039,0.19,Humid and Overcast,cloudy,26.5,74.6,1010.2,NaN,1.0,0.0,10.0
1544745600,26.1,86.0,8.65,345.0,0.0034,0.18,Humid and Overcast,cloudy,28.2,74.63,1010.68,NaN,1.0,0.0,10.0
1544749200,27.2,82.0,8.95,345.0,0.0033,0.21,Humid and Overcast,cloudy,30.3,74.82,1011.18,NaN,1.0,2.0,10.0
1544752800,28.3,77.0,9.28,345.0,0.0054,0.24,Humid and Overcast,cloudy,32.4,75.07,1011.71,NaN,1.0,3.0,10.0
1544756400,29.0,75.0,9.38,345.0,0.0115,0.33,Humid and Overcast,cloudy,33.6,75.24,1011.93,NaN,1.0,5.0,9.15
1544760000,29.1,74.0,9.14,344.0,0.0279,0.45,Light Rain,rain,33.9,75.32,1011.64,NaN,1.0,5.0,7.28
1544763600,28.9,75.0,8.64,342.0,0.0601,0.57,Rain,rain,33.4,75.31,1011.03,NaN,1.0,6.0,5.33
1544767200,28.6,77.0,8.13,342.0,0.0896,0.65,Rain,rain,33.0,75.28,1010.45,NaN,1.0,5.0,3.88
1544770800,27.8,79.0,7.59,342.0,0.0949,0.7,Rain,rain,31.7,75.13,1009.92,NaN,1.0,5.0,3.21
1544774400,27.0,83.0,6.98,342.0,0.0874,0.72,Rain,rain,30.0,74.94,1009.41,NaN,1.0,3.0,3.03
1544778000,26.3,86.0,6.39,342.0,0.0759,0.69,Rain,rain,28.6,74.75,1009.17,NaN,1.0,2.0,3.02
1544781600,25.9,87.0,5.87,343.0,0.0574,0.64,Rain,rain,27.7,74.58,1009.35,NaN,1.0,0.0,2.88
1544785200,25.6,88.0,5.42,345.0,0.0367,0.53,Light Rain,rain,26.6,74.45,1009.81,NaN,1.0,0.0,2.92
1544788800,25.4,89.0,5.21,345.0,0.0231,0.45,Humid and Overcast,cloudy,26.4,74.39,1010.31,NaN,1.0,0.0,3.74
1544792400,25.4,90.0,5.38,342.0,0.0151,0.38,Humid and Overcast,cloudy,26.3,74.44,1010.88,NaN,1.0,0.0,6.18
1544796000,25.4,90.0,5.77,338.0,0.01,0.32,Humid and Overcast,cloudy,26.3,74.56,1011.5,NaN,1.0,0.0,9.4
1544799600,25.4,91.0,6.1,334.0,0.0078,0.31,Humid and Overcast,cloudy,26.3,74.67,1011.83,NaN,1.0,0.0,10.0
1544803200,26.8,85.0,1.48,317.0,0.0029,0.14,Humid and Mostly Cloudy,partly-cloudy-night,29.6,75.22,1011.72,NaN,0.79,0.0,7.35
1544806800,26.4,87.0,3.77,326.0,0.0056,0.18,Humid and Mostly Cloudy,partly-cloudy-night,28.8,75.24,1011.23,NaN,0.88,0.0,9.2
1544810400,26.1,88.0,5.82,329.0,0.0072,0.18,Humid and Overcast,cloudy,28.2,75.24,1010.73,NaN,0.96,0.0,10.0
1544814000,25.9,89.0,6.69,330.0,0.0049,0.17,Humid and Overcast,cloudy,27.7,75.2,1010.2,NaN,1.0,0.0,10.0
1544817600,25.7,90.0,6.71,330.0,0.0025,0.15,Humid and Overcast,cloudy,27.3,75.14,1009.65,NaN,1.0,0.0,10.0
1544821200,25.6,90.0,6.73,330.0,0.0019,0.12,Humid and Overcast,cloudy,26.6,75.08,1009.39,NaN,1.0,0.0,10.0
1544824800,25.5,91.0,6.83,332.0,0.001,0.11,Humid and Overcast,cloudy,26.5,75.04,1009.58,NaN,1.0,0.0,10.0
1544828400,25.5,91.0,6.93,334.0,0.0004,0.09,Humid and Overcast,cloudy,26.5,75.0,1010.05,NaN,1.0,0.0,10.0
1544832000,26.0,88.0,7.04,336.0,0.0003,0.11,Humid and Overcast,cloudy,27.9,75.01,1010.48,NaN,1.0,0.0,10.0
1544835600,27.0,83.0,7.19,337.0,0.0007,0.11,Humid and Overcast,cloudy,30.2,75.15,1010.87,NaN,0.94,2.0,10.0
1544839200,28.3,78.0,7.3,337.0,0.0026,0.13,Humid and Mostly Cloudy,partly-cloudy-day,32.6,75.32,1011.23,NaN,0.86,4.0,10.0
1544842800,29.4,73.0,7.18,340.0,0.0061,0.18,Humid and Mostly Cloudy,partly-cloudy-day,34.3,75.4,1011.31,NaN,0.8,5.0,10.0
1544846400,30.1,70.0,6.74,346.0,0.0116,0.23,Humid and Mostly Cloudy,partly-cloudy-day,35.4,75.26,1010.93,NaN,0.8,6.0,9.95
1544850000,30.7,67.0,6.05,354.0,0.0212,0.33,Humid and Mostly Cloudy,partly-cloudy-day,36.0,75.05,1010.27,NaN,0.83,7.0,7.95
1544853600,31.7,63.0,5.54,0.0,0.033,0.35,Light Rain,rain,37.3,74.9,1009.6,NaN,0.86,6.0,6.19
1544857200,31.2,65.0,5.42,4.0,0.0453,0.4,Light Rain,rain,36.6,74.84,1008.93,NaN,0.91,5.0,4.8
1544860800,30.3,68.0,5.48,5.0,0.0578,0.46,Rain,rain,35.3,74.85,1008.27,NaN,0.96,4.0,3.66
1544864400,29.1,73.0,5.56,5.0,0.0636,0.48,Rain,rain,33.6,74.79,1007.96,NaN,1.0,2.0,2.94
1544868000,28.2,77.0,5.61,1.0,0.0561,0.45,Rain,rain,32.1,74.65,1008.24,NaN,1.0,0.0,2.62
1544871600,27.3,80.0,5.68,356.0,0.0424,0.39,Light Rain,rain,30.5,74.49,1008.89,NaN,1.0,0.0,2.71
1544875200,26.8,83.0,5.8,350.0,0.0313,0.33,Light Rain,rain,29.4,74.4,1009.55,NaN,1.0,0.0,3.47
1544878800,26.5,84.0,6.03,345.0,0.0228,0.3,Humid and Overcast,cloudy,28.9,74.42,1010.2,NaN,1.0,0.0,5.49
1544882400,26.4,85.0,6.31,340.0,0.0168,0.27,Humid and Overcast,cloudy,28.7,74.51,1010.89,NaN,0.99,0.0,8.16
1544886000,26.4,85.0,6.44,336.0,0.0146,0.23,Humid and Overcast,cloudy,28.7,74.55,1011.3,NaN,0.99,0.0,10.0
1544889600,25.7,90.0,3.34,287.0,0.0066,0.15,Humid and Mostly Cloudy,partly-cloudy-night,27.3,74.95,1011.76,NaN,0.76,0.0,7.12
1544893200,25.8,89.0,3.15,318.0,0.0019,0.11,Humid and Mostly Cloudy,partly-cloudy-night,27.5,75.0,1011.44,NaN,0.86,0.0,9.23
1544896800,25.9,88.0,3.83,343.0,0.0006,0.07,Humid and Overcast,cloudy,27.8,74.98,1011.12,NaN,0.96,0.0,10.0
1544900400,25.9,88.0,4.52,350.0,0.0013,0.1,Humid and Overcast,cloudy,27.8,74.9,1010.78,NaN,1.0,0.0,10.0
1544904000,25.6,90.0,4.91,346.0,0.0044,0.16,Humid and Overcast,cloudy,26.6,74.75,1010.4,NaN,1.0,0.0,10.0
1544907600,25.4,90.0,5.2,343.0,0.0086,0.21,Humid and Overcast,cloudy,26.4,74.65,1010.25,NaN,1.0,0.0,10.0
1544911200,25.4,90.0,5.42,340.0,0.0112,0.23,Humid and Overcast,cloudy,26.3,74.59,1010.48,NaN,1.0,0.0,10.0
1544914800,25.6,89.0,5.54,338.0,0.0129,0.22,Humid and Overcast,cloudy,26.5,74.55,1010.93,NaN,1.0,0.0,10.0
1544918400,26.2,86.0,5.5,336.0,0.0146,0.2,Humid and Overcast,cloudy,28.2,74.53,1011.36,NaN,1.0,0.0,9.79
1544922000,27.7,79.0,5.18,333.0,0.0178,0.21,Humid and Overcast,cloudy,31.1,74.5,1011.79,NaN,1.0,2.0,8.87
1544925600,29.1,72.0,4.58,329.0,0.0213,0.21,Humid and Overcast,cloudy,33.5,74.46,1012.19,NaN,1.0,3.0,7.71
1544929200,30.3,67.0,4.05,335.0,0.022,0.21,Humid and Overcast,cloudy,35.2,74.39,1012.31,NaN,1.0,5.0,6.85
1544932800,31.0,64.0,3.56,3.0,0.0204,0.22,Humid and Overcast,cloudy,36.1,74.34,1011.92,NaN,1.0,5.0,6.47
1544936400,31.4,63.0,1.97,229.0,0.0303,0.29,Possible Light Rain,rain,36.5,74.3,1011.24,NaN,1.0,5.0,6.39
1544940000,32.0,61.0,2.53,277.0,0.0464,0.29,Possible Light Rain,rain,37.3,74.21,1010.63,NaN,1.0,5.0,6.59
1544943600,31.1,63.0,2.82,282.0,0.053,0.3,Light Rain,rain,36.0,74.02,1010.09,NaN,1.0,5.0,7.22
1544947200,29.7,68.0,2.27,31.0,0.0539,0.34,Rain,rain,34.0,73.81,1009.62,NaN,1.0,3.0,8.12
1544950800,28.3,74.0,3.41,54.0,0.0483,0.34,Light Rain,rain,31.8,73.68,1009.44,NaN,1.0,2.0,8.87
1544954400,27.3,78.0,5.13,48.0,0.0297,0.3,Light Rain,rain,30.3,73.81,1009.69,NaN,1.0,0.0,9.07
1544958000,26.6,83.0,6.02,45.0,0.0116,0.22,Humid and Overcast,cloudy,29.0,74.05,1010.23,NaN,1.0,0.0,9.09
1544961600,26.1,85.0,6.37,44.0,0.0043,0.11,Humid and Overcast,cloudy,28.1,74.25,1010.79,NaN,1.0,0.0,9.63
1544965200,25.7,88.0,6.1,43.0,0.0016,0.07,Humid and Overcast,cloudy,26.6,74.33,1011.36,NaN,1.0,0.0,10.0
1544968800,25.6,89.0,5.49,41.0,0.0002,0.04,Humid and Overcast,cloudy,26.5,74.41,1011.95,NaN,1.0,0.0,10.0
1544972400,25.7,88.0,4.98,38.0,0.0,0.0,Humid and Overcast,cloudy,26.6,74.49,1012.27,NaN,1.0,0.0,10.0
1544976000,25.1,93.0,2.21,33.0,0.0013,0.13,Humid and Mostly Cloudy,partly-cloudy-night,26.1,75.06,1012.1,NaN,0.78,0.0,8.37
1544979600,25.2,92.0,3.51,17.0,0.0002,0.1,Humid and Mostly Cloudy,partly-cloudy-night,26.2,74.8,1011.67,NaN,0.85,0.0,10.0
1544983200,25.5,90.0,4.95,11.0,0.0,0.0,Humid and Mostly Cloudy,partly-cloudy-night,26.4,74.56,1011.24,NaN,0.93,0.0,10.0
1544986800,25.5,90.0,5.66,7.0,0.0,0.0,Humid and Overcast,cloudy,26.4,74.48,1010.83,NaN,0.97,0.0,10.0
1544990400,25.2,91.0,5.71,3.0,0.0,0.0,Humid and Overcast,cloudy,26.1,74.49,1010.43,NaN,0.98,0.0,10.0
1544994000,25.1,92.0,5.84,1.0,0.0,0.0,Humid and Overcast,cloudy,26.1,74.55,1010.29,NaN,0.98,0.0,10.0
1544997600,25.2,92.0,6.19,0.0,0.0,0.0,Humid and Overcast,cloudy,26.1,74.68,1010.63,NaN,0.99,0.0,10.0
1545001200,25.4,91.0,6.61,359.0,0.0,0.0,Humid and Overcast,cloudy,26.3,74.85,1011.24,NaN,0.99,0.0,10.0
1545004800,26.0,88.0,6.65,1.0,0.0,0.0,Humid and Overcast,cloudy,27.9,74.97,1011.79,NaN,0.99,0.0,10.0
1545008400,27.5,81.0,5.94,0.0,0.0007,0.06,Humid and Overcast,cloudy,30.9,74.93,1012.24,NaN,1.0,2.0,10.0
1545012000,29.2,73.0,4.93,0.0,0.0039,0.12,Humid and Overcast,cloudy,33.7,74.79,1012.64,NaN,1.0,3.0,10.0
1545015600,30.4,67.0,4.15,8.0,0.0075,0.17,Humid and Overcast,cloudy,35.4,74.62,1012.76,NaN,1.0,5.0,10.0
1545019200,31.0,65.0,3.6,37.0,0.0132,0.24,Humid and Overcast,cloudy,36.1,74.39,1012.42,NaN,1.0,5.0,10.0
1545022800,31.2,63.0,3.02,73.0,0.0342,0.29,Possible Light Rain,rain,36.1,74.09,1011.82,NaN,1.0,5.0,10.0
1545026400,32.1,60.0,2.69,95.0,0.0523,0.31,Light Rain,rain,37.3,73.93,1011.19,NaN,1.0,5.0,10.0
1545030000,31.6,62.0,2.88,92.0,0.0403,0.33,Light Rain,rain,36.6,73.92,1010.54,NaN,0.97,5.0,10.0
1545033600,30.7,65.0,3.26,79.0,0.0288,0.33,Light Rain,rain,35.5,74.03,1009.86,NaN,0.92,4.0,10.0
1545037200,29.9,69.0,3.72,64.0,0.0292,0.29,Possible Light Rain,rain,34.4,74.23,1009.55,NaN,0.88,2.0,10.0
1545040800,28.8,74.0,4.29,49.0,0.0227,0.29,Humid and Mostly Cloudy,partly-cloudy-day,33.0,74.59,1009.82,NaN,0.84,0.0,10.0
1545044400,27.7,80.0,4.28,41.0,0.0204,0.3,Humid and Mostly Cloudy,partly-cloudy-night,31.3,75.04,1010.45,NaN,0.81,0.0,8.88
1545048000,26.9,85.0,4.29,35.0,0.0242,0.31,Humid and Mostly Cloudy,partly-cloudy-night,29.9,75.36,1011.05,NaN,0.79,0.0,7.41
1545051600,26.5,87.0,4.58,31.0,0.0198,0.28,Humid and Mostly Cloudy,partly-cloudy-night,29.1,75.46,1011.59,NaN,0.8,0.0,8.02
1545055200,26.3,88.0,5.02,28.0,0.0121,0.22,Humid and Mostly Cloudy,partly-cloudy-night,28.8,75.44,1012.11,NaN,0.82,0.0,9.68
1545058800,26.4,87.0,5.3,24.0,0.0071,0.15,Humid and Mostly Cloudy,partly-cloudy-night,28.9,75.36,1012.36,NaN,0.84,0.0,10.0
1545062400,26.6,88.0,4.2,20.0,0.0,0.0,Humid and Mostly Cloudy,partly-cloudy-night,29.4,75.9,1012.3,NaN,0.7,0.0,7.78
1545066000,26.2,89.0,4.35,13.0,0.0,0.0,Humid and Mostly Cloudy,partly-cloudy-night,28.5,75.53,1011.92,NaN,0.65,0.0,10.0
1545069600,25.9,89.0,4.57,7.0,0.0,0.0,Humid and Mostly Cloudy,partly-cloudy-night,27.7,75.19,1011.53,NaN,0.63,0.0,10.0
1545073200,25.5,91.0,4.62,4.0,0.0015,0.12,Humid and Mostly Cloudy,partly-cloudy-night,26.5,75.06,1011.11,NaN,0.67,0.0,10.0
1545076800,25.4,92.0,4.51,3.0,0.0085,0.2,Humid and Mostly Cloudy,partly-cloudy-night,26.4,75.09,1010.66,NaN,0.72,0.0,10.0
1545080400,25.3,92.0,4.36,4.0,0.0166,0.23,Humid and Mostly Cloudy,partly-cloudy-night,26.3,75.12,1010.45,NaN,0.78,0.0,9.61
1545084000,25.5,92.0,4.06,7.0,0.0192,0.24,Humid and Mostly Cloudy,partly-cloudy-night,26.5,75.24,1010.67,NaN,0.82,0.0,8.92
1545087600,25.7,91.0,3.72,13.0,0.0182,0.25,Humid and Mostly Cloudy,partly-cloudy-night,27.4,75.37,1011.13,NaN,0.86,0.0,8.78
1545091200,26.3,88.0,3.59,20.0,0.0152,0.22,Humid and Mostly Cloudy,partly-cloudy-day,28.7,75.45,1011.55,NaN,0.89,0.0,9.27
1545094800,27.0,84.0,3.84,26.0,0.0088,0.17,Humid and Mostly Cloudy,partly-cloudy-day,30.3,75.48,1011.92,NaN,0.93,2.0,10.0
1545098400,28.1,79.0,4.31,34.0,0.0032,0.1,Humid and Overcast,cloudy,32.2,75.38,1012.22,NaN,0.98,3.0,10.0
1545102000,29.2,74.0,4.73,41.0,0.0017,0.07,Humid and Overcast,cloudy,33.9,75.22,1012.25,NaN,1.0,5.0,10.0
1545105600,30.1,70.0,4.99,49.0,0.0024,0.07,Humid and Overcast,cloudy,35.2,75.14,1011.8,NaN,1.0,5.0,10.0
1545109200,30.6,68.0,5.21,55.0,0.0048,0.09,Humid and Overcast,cloudy,36.0,75.1,1011.08,NaN,0.98,6.0,10.0
1545112800,31.5,64.0,5.46,59.0,0.0064,0.1,Humid and Mostly Cloudy,partly-cloudy-day,37.2,75.08,1010.32,NaN,0.92,6.0,10.0
1545116400,31.7,63.0,5.78,61.0,0.0041,0.09,Humid and Mostly Cloudy,partly-cloudy-day,37.4,74.97,1009.46,NaN,0.7,6.0,10.0
1545120000,31.6,63.0,6.12,61.0,0.0015,0.06,Humid and Partly Cloudy,partly-cloudy-day,37.2,74.84,1008.59,NaN,0.39,4.0,10.0
1545123600,31.2,65.0,6.37,61.0,0.0008,0.02,Humid,clear-day,36.5,74.75,1008.17,NaN,0.18,2.0,10.0
1545127200,30.4,67.0,6.49,61.0,0.0007,0.03,Humid,clear-day,35.5,74.69,1008.52,NaN,0.12,0.0,10.0
1545130800,29.4,71.0,6.47,61.0,0.0007,0.03,Humid,clear-night,34.0,74.64,1009.34,NaN,0.13,0.0,10.0
1545134400,28.6,75.0,6.44,60.0,0.0006,0.06,Humid,clear-night,32.7,74.65,1010.14,NaN,0.17,0.0,10.0
1545138000,28.0,78.0,6.72,58.0,0.0003,0.06,Humid,clear-night,31.8,74.84,1010.9,NaN,0.23,0.0,10.0
1545141600,27.5,81.0,7.11,55.0,0.0002,0.09,Humid and Partly Cloudy,partly-cloudy-night,31.0,75.14,1011.65,NaN,0.32,0.0,10.0
1545145200,27.1,84.0,7.2,52.0,0.0003,0.1,Humid and Partly Cloudy,partly-cloudy-night,30.3,75.4,1012.06,NaN,0.4,0.0,10.0
1545148800,27.1,85.0,1.62,43.0,0.0,0.0,Humid and Mostly Cloudy,partly-cloudy-night,30.4,75.81,1012.19,NaN,0.79,0.0,7.64
1545152400,26.7,87.0,2.51,35.0,0.0,0.0,Humid and Mostly Cloudy,partly-cloudy-night,29.7,75.64,1011.76,NaN,0.86,0.0,10.0
1545156000,26.3,88.0,3.46,35.0,0.0,0.0,Humid and Mostly Cloudy,partly-cloudy-night,28.8,75.46,1011.37,NaN,0.91,0.0,10.0
1545159600,26.0,89.0,3.85,32.0,0.0003,0.09,Humid and Mostly Cloudy,partly-cloudy-night,28.0,75.33,1011.03,NaN,0.88,0.0,10.0
1545163200,25.8,90.0,3.74,23.0,0.0012,0.09,Humid and Mostly Cloudy,partly-cloudy-night,27.4,75.25,1010.75,NaN,0.78,0.0,10.0
1545166800,25.7,90.0,3.83,18.0,0.0029,0.12,Humid and Mostly Cloudy,partly-cloudy-night,26.7,75.18,1010.69,NaN,0.71,0.0,10.0
1545170400,25.8,90.0,4.23,17.0,0.0061,0.23,Humid and Mostly Cloudy,partly-cloudy-night,27.6,75.28,1011.0,NaN,0.73,0.0,10.0
1545174000,26.0,89.0,4.87,20.0,0.013,0.3,Humid and Mostly Cloudy,partly-cloudy-night,27.9,75.07,1011.53,NaN,0.77,0.0,10.0
1545177600,26.6,85.0,5.21,20.0,0.0182,0.32,Humid and Mostly Cloudy,partly-cloudy-day,29.3,75.11,1012.02,NaN,0.78,0.0,10.0
1545181200,27.8,80.0,5.46,21.0,0.0151,0.29,Humid and Mostly Cloudy,partly-cloudy-day,31.7,75.27,1012.49,NaN,0.7,2.0,10.0
1545184800,29.2,73.0,5.54,21.0,0.0092,0.24,Humid and Partly Cloudy,partly-cloudy-day,33.7,74.85,1012.91,NaN,0.57,4.0,10.0
1545188400,30.3,68.0,5.45,24.0,0.006,0.21,Humid and Partly Cloudy,partly-cloudy-day,35.2,74.53,1013.04,NaN,0.48,6.0,10.0
1545192000,31.0,65.0,4.89,28.0,0.0086,0.22,Humid and Partly Cloudy,partly-cloudy-day,36.1,74.37,1012.68,NaN,0.43,8.0,10.0
1545195600,31.4,63.0,4.07,29.0,0.0254,0.27,Humid and Partly Cloudy,partly-cloudy-day,36.6,74.32,1012.01,NaN,0.41,9.0,10.0
1545199200,32.1,60.0,3.24,20.0,0.039,0.29,Possible Light Rain,rain,37.5,74.26,1011.33,NaN,0.44,8.0,10.0
1545202800,32.0,61.0,2.93,17.0,0.0243,0.25,Humid and Partly Cloudy,partly-cloudy-day,37.3,74.13,1010.63,NaN,0.52,6.0,10.0
1545206400,31.6,62.0,2.88,12.0,0.0055,0.16,Humid and Mostly Cloudy,partly-cloudy-day,36.6,73.98,1009.93,NaN,0.64,4.0,10.0
1545210000,31.0,64.0,3.24,17.0,0.0003,0.06,Humid and Mostly Cloudy,partly-cloudy-day,35.8,74.01,1009.58,NaN,0.73,2.0,10.0
1545213600,30.1,68.0,3.74,31.0,0.0002,0.03,Humid and Mostly Cloudy,partly-cloudy-day,34.8,74.32,1009.78,NaN,0.74,0.0,10.0
1545217200,29.1,73.0,4.93,29.0,0.0004,0.04,Humid and Mostly Cloudy,partly-cloudy-night,33.6,74.77,1010.3,NaN,0.71,0.0,10.0
1545220800,28.4,77.0,5.85,27.0,0.0007,0.07,Humid and Mostly Cloudy,partly-cloudy-night,32.5,75.06,1010.9,NaN,0.67,0.0,10.0
1545224400,27.8,80.0,6.64,25.0,0.0007,0.07,Humid and Mostly Cloudy,partly-cloudy-night,31.7,75.19,1011.58,NaN,0.62,0.0,10.0
1545228000,27.4,82.0,7.45,23.0,0.0008,0.07,Humid and Partly Cloudy,partly-cloudy-night,30.9,75.22,1012.34,NaN,0.56,0.0,10.0
1545231600,27.0,84.0,8.0,22.0,0.0007,0.07,Humid and Partly Cloudy,partly-cloudy-night,30.2,75.24,1012.77,NaN,0.52,0.0,10.0
1545235200,26.5,85.0,3.47,7.0,0.0,0.0,Humid and Mostly Cloudy,partly-cloudy-night,29.1,74.97,1012.85,NaN,0.76,0.0,7.91
1545238800,26.4,86.0,5.67,0.0,0.0,0.0,Humid and Mostly Cloudy,partly-cloudy-night,28.8,74.92,1012.45,NaN,0.74,0.0,10.0
1545242400,26.3,86.0,7.76,358.0,0.0,0.0,Humid and Mostly Cloudy,partly-cloudy-night,28.6,74.88,1012.04,NaN,0.71,0.0,10.0
1545246000,26.1,87.0,8.67,356.0,0.0,0.0,Humid and Mostly Cloudy,partly-cloudy-night,28.2,74.87,1011.59,NaN,0.69,0.0,10.0
1545249600,25.9,88.0,8.61,355.0,0.0,0.0,Humid and Mostly Cloudy,partly-cloudy-night,27.7,74.85,1011.09,NaN,0.69,0.0,10.0
1545253200,25.7,90.0,8.57,353.0,0.0,0.0,Humid and Mostly Cloudy,partly-cloudy-night,26.6,74.89,1010.83,NaN,0.69,0.0,10.0
1545256800,25.5,91.0,8.67,352.0,0.0,0.0,Humid and Mostly Cloudy,partly-cloudy-night,26.5,74.99,1010.96,NaN,0.67,0.0,10.0
1545260400,25.6,91.0,8.88,353.0,0.0006,0.06,Humid and Mostly Cloudy,partly-cloudy-night,26.6,75.13,1011.33,NaN,0.64,0.0,10.0
1545264000,26.1,88.0,9.0,354.0,0.0014,0.08,Humid and Mostly Cloudy,partly-cloudy-day,28.3,75.25,1011.66,NaN,0.66,0.0,10.0
1545267600,27.4,82.0,8.89,356.0,0.0032,0.09,Humid and Mostly Cloudy,partly-cloudy-day,30.9,75.43,1012.0,NaN,0.75,2.0,10.0
1545271200,29.1,75.0,8.79,0.0,0.0065,0.08,Humid and Mostly Cloudy,partly-cloudy-day,34.0,75.56,1012.33,NaN,0.89,3.0,10.0
1545274800,30.5,69.0,8.6,1.0,0.0083,0.09,Humid and Overcast,cloudy,36.1,75.54,1012.33,NaN,0.98,5.0,10.0
1545278400,31.7,64.0,7.9,357.0,0.0065,0.1,Humid and Overcast,cloudy,37.6,75.32,1011.82,NaN,0.98,5.0,10.0
1545282000,32.5,61.0,6.84,350.0,0.0115,0.13,Humid and Overcast,cloudy,38.4,75.0,1010.98,NaN,0.94,6.0,10.0
1545285600,33.2,57.99999999999999,6.05,348.0,0.0208,0.17,Humid and Mostly Cloudy,partly-cloudy-day,39.3,74.82,1010.14,NaN,0.9,6.0,10.0
1545289200,32.8,60.0,5.92,354.0,0.0271,0.18,Possible Light Rain,rain,38.8,74.94,1009.23,NaN,0.86,5.0,10.0
1545292800,31.7,64.0,6.13,4.0,0.0416,0.19,Possible Light Rain,rain,37.5,75.19,1008.32,NaN,0.82,4.0,10.0
1545296400,30.4,69.0,6.43,11.0,0.0516,0.24,Possible Light Rain,rain,35.8,75.38,1007.82,NaN,0.78,2.0,9.36
1545300000,29.4,73.0,6.74,13.0,0.0336,0.24,Possible Light Rain,rain,34.4,75.46,1008.04,NaN,0.71,0.0,8.99
1545303600,28.6,77.0,7.14,13.0,0.0112,0.2,Humid and Mostly Cloudy,partly-cloudy-day,33.0,75.48,1008.69,NaN,0.65,0.0,9.07
1545307200,28.0,80.0,7.61,11.0,0.0029,0.09,Humid and Mostly Cloudy,partly-cloudy-night,32.1,75.49,1009.34,NaN,0.64,0.0,9.7
1545310800,27.6,82.0,8.29,11.0,0.001,0.06,Humid and Mostly Cloudy,partly-cloudy-night,31.4,75.53,1009.94,NaN,0.72,0.0,10.0
1545314400,27.4,83.0,9.1,12.0,0.0,0.0,Humid and Mostly Cloudy,partly-cloudy-night,30.9,75.58,1010.53,NaN,0.85,0.0,10.0
1545318000,27.1,84.0,9.65,12.0,0.0,0.0,Humid and Overcast,cloudy,30.5,75.63,1010.84,NaN,0.95,0.0,10.0
1545321600,26.2,92.0,4.58,9.0,0.0,0.0,Humid and Mostly Cloudy,partly-cloudy-night,28.7,76.66,1010.97,NaN,0.79,0.0,8.04
1545325200,26.3,91.0,6.97,5.0,0.0,0.0,Humid and Mostly Cloudy,partly-cloudy-night,28.9,76.4,1010.55,NaN,0.87,0.0,10.0
1545328800,26.3,89.0,8.74,3.0,0.0,0.0,Humid and Mostly Cloudy,partly-cloudy-night,28.9,75.99,1010.17,NaN,0.91,0.0,10.0
1545332400,26.2,89.0,9.55,2.0,0.0,0.0,Humid and Mostly Cloudy,partly-cloudy-night,28.5,75.76,1009.79,NaN,0.87,0.0,10.0
1545336000,26.0,90.0,9.47,359.0,0.0,0.0,Humid and Mostly Cloudy,partly-cloudy-night,28.0,75.69,1009.44,NaN,0.78,0.0,10.0
1545339600,25.6,92.0,9.06,357.0,0.0,0.0,Humid and Mostly Cloudy,partly-cloudy-night,26.6,75.6,1009.33,NaN,0.71,0.0,10.0
1545343200,25.7,92.0,9.12,358.0,0.0,0.0,Humid and Mostly Cloudy,partly-cloudy-night,27.3,75.7,1009.68,NaN,0.65,0.0,10.0
1545346800,26.0,91.0,8.84,0.0,0.0,0.0,Humid and Mostly Cloudy,partly-cloudy-night,28.0,75.78,1010.28,NaN,0.6,0.0,10.0
1545350400,26.6,88.0,8.7,1.0,0.0,0.0,Humid and Partly Cloudy,partly-cloudy-day,29.4,75.88,1010.79,NaN,0.58,0.0,10.0
1545354000,27.9,81.0,8.78,3.0,0.0,0.0,Humid and Partly Cloudy,partly-cloudy-day,32.1,75.91,1011.18,NaN,0.57,2.0,10.0
1545357600,29.5,74.0,9.1,3.0,0.0,0.0,Humid and Partly Cloudy,partly-cloudy-day,34.8,75.83,1011.47,NaN,0.59,4.0,10.0
1545361200,30.7,69.0,9.47,3.0,0.0,0.0,Humid and Mostly Cloudy,partly-cloudy-day,36.4,75.73,1011.5,NaN,0.61,6.0,10.0
1545364800,31.5,66.0,9.81,1.0,0.0024,0.16,Humid and Mostly Cloudy,partly-cloudy-day,37.5,75.59,1011.14,NaN,0.65,7.0,10.0
1545368400,31.7,64.0,10.12,358.0,0.0121,0.24,Humid and Mostly Cloudy,partly-cloudy-day,37.7,75.43,1010.51,NaN,0.7,7.0,10.0
1545372000,32.3,62.0,10.2,357.0,0.0223,0.29,Humid and Mostly Cloudy,partly-cloudy-day,38.3,75.25,1009.88,NaN,0.74,7.0,10.0
1545375600,31.7,63.0,9.99,358.0,0.0249,0.31,Humid and Mostly Cloudy,partly-cloudy-day,37.4,74.96,1009.23,NaN,0.77,6.0,10.0
1545379200,30.8,66.0,9.42,3.0,0.0279,0.3,Light Rain,rain,36.0,74.65,1008.59,NaN,0.81,4.0,10.0
1545382800,29.9,69.0,8.67,6.0,0.0284,0.29,Possible Light Rain,rain,34.5,74.38,1008.26,NaN,0.83,2.0,10.0
1545386400,29.1,72.0,7.9,8.0,0.016,0.25,Humid and Mostly Cloudy,partly-cloudy-day,33.2,74.17,1008.47,NaN,0.85,0.0,10.0
1545390000,28.4,74.0,7.17,10.0,0.0035,0.17,Humid and Mostly Cloudy,partly-cloudy-day,32.2,74.01,1009.0,NaN,0.87,0.0,10.0
1545393600,27.9,76.0,6.75,10.0,0.0003,0.04,Humid and Mostly Cloudy,partly-cloudy-night,31.3,73.94,1009.53,NaN,0.9,0.0,10.0
1545397200,27.4,78.0,6.77,10.0,0.0,0.0,Humid and Mostly Cloudy,partly-cloudy-night,30.5,73.96,1010.02,NaN,0.93,0.0,10.0
1545400800,26.8,81.0,6.97,9.0,0.0002,0.03,Humid and Overcast,cloudy,29.5,74.0,1010.51,NaN,0.96,0.0,10.0
1545404400,26.5,83.0,7.1,8.0,0.0005,0.04,Humid and Overcast,cloudy,28.9,74.06,1010.75,NaN,0.98,0.0,10.0
1545408000,26.7,89.0,3.78,14.0,0.0,0.0,Humid and Mostly Cloudy,partly-cloudy-night,30.1,76.62,1010.97,NaN,0.79,0.0,8.02
1545411600,26.4,89.0,5.16,8.0,0.0014,0.05,Humid and Mostly Cloudy,partly-cloudy-night,29.0,75.84,1010.53,NaN,0.88,0.0,10.0
1545415200,26.2,88.0,6.69,3.0,0.0029,0.07,Humid and Overcast,cloudy,28.3,75.06,1010.13,NaN,0.96,0.0,10.0
1545418800,26.1,88.0,7.97,356.0,0.0028,0.07,Humid and Overcast,cloudy,28.1,75.0,1009.77,NaN,1.0,0.0,10.0
1545422400,25.9,89.0,8.19,347.0,0.0019,0.07,Humid and Overcast,cloudy,27.7,75.03,1009.46,NaN,1.0,0.0,10.0
1545426000,25.5,91.0,8.36,342.0,0.0012,0.06,Humid and Overcast,cloudy,26.5,75.05,1009.36,NaN,1.0,0.0,10.0
1545429600,25.4,91.0,8.42,343.0,0.002,0.18,Humid and Overcast,cloudy,26.4,75.07,1009.6,NaN,1.0,0.0,10.0
1545433200,25.4,92.0,8.03,348.0,0.0072,0.21,Humid and Overcast,cloudy,26.4,75.06,1010.05,NaN,1.0,0.0,10.0
1545436800,25.9,89.0,8.07,351.0,0.0125,0.2,Humid and Overcast,cloudy,27.7,75.1,1010.5,NaN,1.0,0.0,10.0
1545440400,26.9,85.0,8.75,353.0,0.0104,0.16,Humid and Overcast,cloudy,29.9,75.34,1011.0,NaN,1.0,2.0,10.0
1545444000,28.2,78.0,8.56,354.0,0.0058,0.13,Humid and Overcast,cloudy,32.4,75.31,1011.49,NaN,1.0,3.0,10.0
1545447600,29.4,73.0,8.37,355.0,0.0036,0.11,Humid and Overcast,cloudy,34.2,75.22,1011.66,NaN,1.0,5.0,10.0
1545451200,30.5,68.0,7.74,352.0,0.0033,0.14,Humid and Overcast,cloudy,35.7,74.98,1011.3,NaN,1.0,5.0,10.0
1545454800,31.1,65.0,6.72,346.0,0.0051,0.16,Humid and Overcast,cloudy,36.4,74.65,1010.62,NaN,1.0,6.0,10.0
1545458400,32.0,61.0,5.86,349.0,0.0102,0.17,Humid and Overcast,cloudy,37.4,74.35,1009.92,NaN,1.0,5.0,10.0
1545462000,31.6,62.0,5.25,7.0,0.0245,0.22,Humid and Overcast,cloudy,36.7,74.11,1009.19,NaN,1.0,5.0,10.0
1545465600,30.6,65.0,4.41,28.0,0.0541,0.29,Rain,rain,35.3,73.91,1008.45,NaN,1.0,4.0,7.31
1545469200,29.6,69.0,3.78,16.0,0.0731,0.32,Rain,rain,33.8,73.83,1008.1,NaN,1.0,2.0,4.65
1545472800,28.6,73.0,4.47,15.0,0.0532,0.3,Light Rain,rain,32.5,73.96,1008.38,NaN,0.98,0.0,3.74
1545476400,27.6,78.0,4.71,9.0,0.0268,0.23,Possible Light Rain,rain,30.8,74.13,1009.05,NaN,0.95,0.0,3.88
1545480000,26.7,82.0,4.96,357.0,0.0154,0.2,Humid and Overcast,cloudy,29.3,74.22,1009.74,NaN,0.94,0.0,5.08
1545483600,26.1,85.0,5.27,354.0,0.0071,0.14,Humid and Overcast,cloudy,28.2,74.21,1010.42,NaN,0.95,0.0,8.06
1545487200,25.8,87.0,5.72,355.0,0.0012,0.06,Humid and Overcast,cloudy,27.5,74.23,1011.11,NaN,0.98,0.0,10.0
1545490800,25.8,87.0,6.05,354.0,0.0,0.0,Humid and Overcast,cloudy,27.4,74.21,1011.47,NaN,0.98,0.0,10.0
1545494400,26.5,86.0,3.64,357.0,0.0,0.0,Humid and Mostly Cloudy,partly-cloudy-night,29.1,75.04,1011.12,NaN,0.71,0.0,7.65
1545498000,26.1,87.0,5.23,357.0,0.0,0.0,Humid and Mostly Cloudy,partly-cloudy-night,28.2,74.7,1010.71,NaN,0.63,0.0,10.0
1545501600,25.7,88.0,6.74,357.0,0.0,0.0,Humid and Partly Cloudy,partly-cloudy-night,26.6,74.29,1010.33,NaN,0.56,0.0,10.0
1545505200,25.3,89.0,7.08,357.0,0.0,0.0,Humid and Partly Cloudy,partly-cloudy-night,26.2,73.96,1009.99,NaN,0.57,0.0,10.0
1545508800,25.1,89.0,6.44,355.0,0.0003,0.05,Humid and Mostly Cloudy,partly-cloudy-night,26.0,73.75,1009.66,NaN,0.65,0.0,10.0
1545512400,24.9,90.0,5.98,349.0,0.0005,0.04,Humid and Mostly Cloudy,partly-cloudy-night,25.8,73.59,1009.55,NaN,0.71,0.0,10.0
1545516000,25.0,89.0,5.62,345.0,0.0004,0.05,Humid and Mostly Cloudy,partly-cloudy-night,25.9,73.59,1009.79,NaN,0.75,0.0,10.0
1545519600,25.4,88.0,5.09,341.0,0.0003,0.05,Humid and Mostly Cloudy,partly-cloudy-night,26.3,73.71,1010.23,NaN,0.77,0.0,10.0
1545523200,26.1,84.0,4.94,337.0,0.0002,0.03,Humid and Mostly Cloudy,partly-cloudy-day,28.1,73.78,1010.66,NaN,0.8,0.0,10.0
1545526800,27.4,78.0,5.21,338.0,0.0,0.0,Humid and Mostly Cloudy,partly-cloudy-day,30.5,73.81,1011.06,NaN,0.86,2.0,10.0
1545530400,29.0,71.0,5.69,342.0,0.0,0.0,Humid and Overcast,cloudy,32.8,73.64,1011.45,NaN,0.94,3.0,10.0
1545534000,30.1,66.0,5.85,347.0,0.0,0.0,Humid and Overcast,cloudy,34.3,73.32,1011.49,NaN,1.0,5.0,10.0
1545537600,31.0,62.0,5.06,352.0,0.0021,0.08,Humid and Overcast,cloudy,35.2,72.92,1010.96,NaN,1.0,5.0,10.0
1545541200,31.2,60.0,3.17,311.0,0.0084,0.13,Humid and Overcast,cloudy,35.3,72.49,1010.11,NaN,1.0,5.0,10.0
1545544800,31.8,57.99999999999999,3.62,316.0,0.0141,0.13,Humid and Overcast,cloudy,35.9,72.23,1009.28,NaN,1.0,5.0,10.0
1545548400,31.5,57.99999999999999,3.25,330.0,0.0116,0.1,Humid and Mostly Cloudy,partly-cloudy-day,35.5,72.19,1008.51,NaN,0.93,5.0,10.0
1545552000,31.1,60.0,2.99,352.0,0.0074,0.07,Humid and Mostly Cloudy,partly-cloudy-day,35.1,72.32,1007.77,NaN,0.83,4.0,10.0
1545555600,30.5,62.0,2.79,10.0,0.0065,0.06,Humid and Mostly Cloudy,partly-cloudy-day,34.4,72.5,1007.47,NaN,0.73,2.0,10.0
1545559200,29.7,66.0,1.99,27.0,0.0089,0.08,Humid and Mostly Cloudy,partly-cloudy-day,33.4,72.73,1007.88,NaN,0.65,0.0,9.71
1545562800,28.3,72.0,3.0,29.0,0.015,0.12,Humid and Partly Cloudy,partly-cloudy-day,31.6,73.0,1008.72,NaN,0.56,0.0,9.02
1545566400,27.1,78.0,2.68,18.0,0.0184,0.13,Humid and Partly Cloudy,partly-cloudy-night,29.8,73.15,1009.51,NaN,0.48,0.0,8.98
1545570000,26.4,81.0,2.71,19.0,0.0119,0.11,Humid and Partly Cloudy,partly-cloudy-night,28.6,73.24,1010.15,NaN,0.38,0.0,10.0
1545573600,25.9,84.0,2.62,30.0,0.0055,0.08,Humid and Partly Cloudy,partly-cloudy-night,27.6,73.32,1010.74,NaN,0.29,0.0,10.0
1545577200,25.6,85.0,2.59,38.0,0.0041,0.05,Humid and Partly Cloudy,partly-cloudy-night,26.5,73.32,1011.03,NaN,0.26,0.0,10.0
1545580800,26.3,89.0,1.84,13.0,0.0,0.0,Humid and Mostly Cloudy,partly-cloudy-night,28.8,75.92,1010.68,NaN,0.64,0.0,7.83
1545584400,26.0,88.0,3.1,354.0,0.0,0.0,Humid and Partly Cloudy,partly-cloudy-night,27.9,74.8,1010.26,NaN,0.46,0.0,10.0
1545588000,25.7,86.0,3.58,345.0,0.0,0.0,Humid and Partly Cloudy,partly-cloudy-night,26.5,73.67,1009.85,NaN,0.32,0.0,10.0
1545591600,25.4,86.0,3.67,345.0,0.0,0.0,Humid and Partly Cloudy,partly-cloudy-night,26.2,73.1,1009.47,NaN,0.37,0.0,10.0
1545595200,25.0,88.0,3.71,348.0,0.0,0.0,Humid and Partly Cloudy,partly-cloudy-night,25.8,73.03,1009.08,NaN,0.55,0.0,10.0
1545598800,24.5,89.0,3.81,348.0,0.0,0.0,Humid and Mostly Cloudy,partly-cloudy-night,25.4,72.69,1008.93,NaN,0.69,0.0,10.0
1545602400,24.6,89.0,3.93,350.0,0.0,0.0,Humid and Mostly Cloudy,partly-cloudy-night,25.5,72.67,1009.17,NaN,0.76,0.0,10.0
1545606000,25.0,87.0,4.13,351.0,0.0,0.0,Humid and Mostly Cloudy,partly-cloudy-night,25.8,72.71,1009.64,NaN,0.79,0.0,10.0
1545609600,25.9,82.0,4.36,349.0,0.0,0.0,Humid and Mostly Cloudy,partly-cloudy-day,26.6,72.66,1010.07,NaN,0.78,0.0,10.0
1545613200,27.4,75.0,4.58,340.0,0.0,0.0,Humid and Mostly Cloudy,partly-cloudy-day,30.1,72.76,1010.46,NaN,0.72,2.0,10.0
1545616800,29.1,67.0,4.92,324.0,0.0,0.0,Humid and Mostly Cloudy,partly-cloudy-day,32.4,72.33,1010.8,NaN,0.63,4.0,10.0
1545620400,30.4,62.0,5.42,315.0,0.0,0.0,Partly Cloudy,partly-cloudy-day,33.9,71.94,1010.81,NaN,0.56,6.0,10.0
1545624000,31.4,57.99999999999999,5.89,305.0,0.0005,0.02,Partly Cloudy,partly-cloudy-day,35.2,71.85,1010.28,NaN,0.55,8.0,10.0
1545627600,32.0,56.00000000000001,6.52,267.0,0.0024,0.03,Partly Cloudy,partly-cloudy-day,36.0,71.97,1009.42,NaN,0.57,8.0,10.0
1545631200,32.8,54.0,7.12,275.0,0.0041,0.04,Humid and Mostly Cloudy,partly-cloudy-day,37.1,72.13,1008.59,NaN,0.6,8.0,10.0
1545634800,32.6,55.00000000000001,5.01,314.0,0.0026,0.03,Humid and Mostly Cloudy,partly-cloudy-day,36.9,72.2,1007.82,NaN,0.66,6.0,10.0
1545638400,32.2,56.00000000000001,4.78,247.0,0.0006,0.01,Humid and Mostly Cloudy,partly-cloudy-day,36.4,72.26,1007.08,NaN,0.73,4.0,10.0
1545642000,31.4,59.0,6.09,297.0,0.0,0.0,Humid and Mostly Cloudy,partly-cloudy-day,35.5,72.49,1006.71,NaN,0.74,2.0,10.0
1545645600,30.4,64.0,4.23,274.0,0.0,0.0,Humid and Mostly Cloudy,partly-cloudy-day,34.6,73.01,1006.96,NaN,0.66,0.0,10.0
1545649200,29.4,69.0,4.69,13.0,0.0,0.0,Humid and Partly Cloudy,partly-cloudy-day,33.5,73.67,1007.6,NaN,0.52,0.0,10.0
1545652800,28.5,74.0,3.77,346.0,0.0,0.0,Humid and Partly Cloudy,partly-cloudy-night,32.3,74.13,1008.23,NaN,0.43,0.0,10.0
1545656400,27.8,78.0,3.68,345.0,0.0003,0.03,Humid and Partly Cloudy,partly-cloudy-night,31.2,74.36,1008.87,NaN,0.4,0.0,10.0
1545660000,27.1,81.0,4.06,354.0,0.0016,0.05,Humid and Partly Cloudy,partly-cloudy-night,30.2,74.55,1009.51,NaN,0.41,0.0,10.0
1545663600,26.7,84.0,4.41,357.0,0.0027,0.06,Humid and Partly Cloudy,partly-cloudy-night,29.4,74.69,1009.89,NaN,0.45,0.0,10.0
1545667200,27.4,86.0,3.62,21.0,0.001,0.05,Humid and Mostly Cloudy,partly-cloudy-night,31.3,76.58,1010.0,NaN,0.78,0.0,7.62
1545670800,26.9,85.0,4.17,4.0,0.0007,0.05,Humid and Mostly Cloudy,partly-cloudy-night,29.9,75.48,1009.84,NaN,0.83,0.0,10.0
1545674400,26.5,83.0,5.05,349.0,0.0005,0.03,Humid and Mostly Cloudy,partly-cloudy-night,29.0,74.29,1009.61,NaN,0.85,0.0,10.0
1545678000,26.1,84.0,5.95,336.0,0.0004,0.04,Humid and Mostly Cloudy,partly-cloudy-night,28.0,73.58,1009.23,NaN,0.8,0.0,10.0
1545681600,25.6,85.0,6.5,325.0,0.0009,0.05,Humid and Mostly Cloudy,partly-cloudy-night,26.4,73.28,1008.78,NaN,0.7,0.0,10.0
1545685200,25.1,87.0,6.79,319.0,0.0014,0.06,Humid and Mostly Cloudy,partly-cloudy-night,26.0,73.08,1008.59,NaN,0.61,0.0,10.0
1545688800,24.9,88.0,5.6,316.0,0.0008,0.06,Humid and Partly Cloudy,partly-cloudy-night,25.7,73.07,1008.89,NaN,0.55,0.0,10.0
1545692400,24.9,89.0,5.53,289.0,0.0,0.0,Humid and Partly Cloudy,partly-cloudy-night,25.8,73.21,1009.44,NaN,0.5,0.0,10.0
1545696000,25.5,86.0,6.05,288.0,0.0,0.0,Humid and Partly Cloudy,partly-cloudy-day,26.3,73.36,1009.98,NaN,0.5,0.0,10.0
1545699600,27.0,79.0,5.81,280.0,0.0,0.0,Humid and Partly Cloudy,partly-cloudy-day,29.7,73.44,1010.49,NaN,0.59,2.0,10.0
1545703200,28.9,70.0,6.87,299.0,0.0,0.0,Humid and Mostly Cloudy,partly-cloudy-day,32.6,73.35,1010.97,NaN,0.73,4.0,10.0
1545706800,30.5,64.0,8.38,288.0,0.0,0.0,Humid and Mostly Cloudy,partly-cloudy-day,34.7,73.25,1011.1,NaN,0.84,5.0,10.0
1545710400,31.6,60.0,9.43,277.0,0.0009,0.03,Humid and Mostly Cloudy,partly-cloudy-day,36.1,73.22,1010.66,NaN,0.88,6.0,10.0
1545714000,32.3,57.99999999999999,10.5,273.0,0.0038,0.05,Humid and Mostly Cloudy,partly-cloudy-day,37.1,73.3,1009.88,NaN,0.9,6.0,10.0
1545717600,33.1,56.00000000000001,11.29,276.0,0.0072,0.05,Humid and Mostly Cloudy,partly-cloudy-day,38.3,73.44,1009.08,NaN,0.92,6.0,10.0
1545721200,33.0,56.99999999999999,9.64,336.0,0.0102,0.1,Humid and Overcast,cloudy,38.4,73.8,1008.25,NaN,0.95,5.0,10.0
1545724800,32.5,59.0,10.47,228.0,0.0174,0.1,Humid and Overcast,cloudy,37.9,74.24,1007.41,NaN,0.98,4.0,10.0
1545728400,31.7,62.0,11.48,270.0,0.0239,0.11,Humid and Overcast,cloudy,37.1,74.49,1006.96,NaN,1.0,2.0,9.6
1545732000,30.8,65.0,9.45,244.0,0.0219,0.11,Humid and Overcast,cloudy,35.9,74.38,1007.12,NaN,1.0,0.0,8.7
1545735600,29.9,68.0,7.41,338.0,0.0182,0.1,Humid and Overcast,cloudy,34.4,74.09,1007.66,NaN,1.0,0.0,8.29
1545739200,29.1,71.0,7.56,300.0,0.0153,0.1,Humid and Overcast,cloudy,33.2,73.89,1008.24,NaN,1.0,0.0,8.67
1545742800,28.6,73.0,7.43,301.0,0.0079,0.09,Humid and Overcast,cloudy,32.4,73.93,1008.86,NaN,0.99,0.0,10.0
1545746400,28.2,75.0,7.72,314.0,0.0017,0.06,Humid and Overcast,cloudy,31.8,74.1,1009.52,NaN,0.98,0.0,10.0
1545750000,27.8,77.0,7.88,323.0,0.0003,0.02,Humid and Overcast,cloudy,31.2,74.21,1009.93,NaN,0.97,0.0,10.0
1545753600,26.8,89.0,1.84,28.0,0.0066,0.17,Humid and Mostly Cloudy,partly-cloudy-night,30.3,76.61,1010.13,NaN,0.82,0.0,7.08
1545757200,26.6,87.0,3.63,350.0,0.0032,0.15,Humid and Mostly Cloudy,partly-cloudy-night,29.3,75.69,1009.7,NaN,0.87,0.0,9.18
1545760800,26.5,85.0,5.87,336.0,0.0012,0.11,Humid and Mostly Cloudy,partly-cloudy-night,28.9,74.75,1009.29,NaN,0.93,0.0,10.0
1545764400,26.3,84.0,7.14,331.0,0.0004,0.09,Humid and Overcast,cloudy,28.5,74.24,1008.89,NaN,0.97,0.0,10.0
1545768000,26.2,85.0,7.51,326.0,0.0,0.0,Humid and Overcast,cloudy,28.2,74.09,1008.48,NaN,0.98,0.0,10.0
1545771600,26.2,84.0,7.84,321.0,0.0,0.0,Humid and Overcast,cloudy,28.2,73.98,1008.31,NaN,0.97,0.0,10.0
1545775200,26.3,84.0,7.93,318.0,0.0,0.0,Humid and Overcast,cloudy,28.4,73.95,1008.59,NaN,0.94,0.0,10.0
1545778800,26.5,83.0,7.95,314.0,0.0,0.0,Humid and Mostly Cloudy,partly-cloudy-night,28.9,73.98,1009.12,NaN,0.89,0.0,10.0
1545782400,27.1,80.0,8.29,311.0,0.0,0.0,Humid and Mostly Cloudy,partly-cloudy-day,30.0,74.03,1009.6,NaN,0.86,0.0,10.0
1545786000,28.3,75.0,9.25,301.0,0.0,0.0,Humid and Mostly Cloudy,partly-cloudy-day,32.0,74.14,1010.03,NaN,0.89,2.0,10.0
1545789600,29.8,69.0,10.54,291.0,0.0,0.0,Humid and Overcast,cloudy,34.3,74.18,1010.42,NaN,0.94,3.0,10.0
1545793200,31.0,64.0,11.77,294.0,0.0,0.0,Humid and Overcast,cloudy,35.8,74.09,1010.5,NaN,0.98,5.0,10.0
1545796800,31.8,61.0,11.08,342.0,0.0,0.0,Humid and Overcast,cloudy,36.8,73.83,1010.07,NaN,1.0,5.0,10.0
1545800400,32.2,59.0,10.67,210.0,0.0006,0.07,Humid and Overcast,cloudy,37.2,73.47,1009.35,NaN,1.0,6.0,10.0
1545804000,32.9,56.00000000000001,14.05,276.0,0.001,0.07,Humid and Overcast,cloudy,37.9,73.24,1008.58,NaN,0.98,6.0,10.0
1545807600,33.0,56.00000000000001,14.08,279.0,0.0006,0.06,Humid and Mostly Cloudy,partly-cloudy-day,37.9,73.15,1007.73,NaN,0.73,6.0,10.0
1545811200,32.8,56.00000000000001,13.68,280.0,0.0,0.0,Humid and Partly Cloudy,partly-cloudy-day,37.6,73.14,1006.83,NaN,0.39,5.0,10.0
1545814800,32.2,57.99999999999999,12.89,279.0,0.0002,0.02,Humid,clear-day,37.0,73.19,1006.38,NaN,0.15,2.0,10.0
1545818400,31.3,61.0,9.95,231.0,0.0011,0.06,Humid,clear-day,35.9,73.34,1006.64,NaN,0.09,1.0,10.0
1545822000,30.3,66.0,9.01,336.0,0.0038,0.12,Humid,clear-day,34.6,73.59,1007.35,NaN,0.1,0.0,10.0
1545825600,29.5,69.0,9.18,296.0,0.0081,0.17,Humid,clear-night,33.6,73.82,1008.08,NaN,0.16,0.0,10.0
1545829200,28.9,72.0,9.23,293.0,0.016,0.24,Humid and Partly Cloudy,partly-cloudy-night,32.9,73.98,1008.82,NaN,0.32,0.0,9.46
1545832800,28.4,74.0,9.8,303.0,0.0288,0.34,Light Rain,rain,32.2,74.11,1009.58,NaN,0.53,0.0,6.95
1545836400,28.0,76.0,10.09,312.0,0.0355,0.4,Light Rain,rain,31.5,74.11,1010.02,NaN,0.7,0.0,5.36
1545840000,27.5,82.0,4.16,323.0,0.0133,0.39,Humid and Mostly Cloudy,partly-cloudy-night,31.0,75.26,1010.13,NaN,0.81,0.0,6.79
1545843600,26.3,85.0,5.15,321.0,0.0142,0.4,Humid and Mostly Cloudy,partly-cloudy-night,28.6,74.41,1009.86,NaN,0.86,0.0,7.76
1545847200,25.5,87.0,6.43,321.0,0.0242,0.44,Humid and Mostly Cloudy,partly-cloudy-night,26.4,73.64,1009.49,NaN,0.92,0.0,9.1
1545850800,25.2,87.0,7.66,322.0,0.0305,0.47,Light Rain,rain,26.0,73.28,1009.0,NaN,0.95,0.0,10.0
1545854400,25.1,88.0,8.7,322.0,0.0363,0.49,Light Rain,rain,25.9,73.16,1008.44,NaN,0.96,0.0,10.0
1545858000,25.0,88.0,9.53,320.0,0.0488,0.5,Light Rain,rain,25.8,73.02,1008.18,NaN,0.96,0.0,10.0
1545861600,24.8,88.0,10.05,314.0,0.0827,0.52,Rain,rain,25.7,72.75,1008.46,NaN,0.97,0.0,10.0
1545865200,24.7,87.0,10.39,307.0,0.1333,0.56,Rain,rain,25.5,72.44,1009.05,NaN,0.98,0.0,10.0
1545868800,24.9,86.0,10.64,301.0,0.1538,0.55,Rain,rain,25.7,72.33,1009.6,NaN,0.98,0.0,10.0
1545872400,25.7,83.0,10.93,295.0,0.1053,0.48,Rain,rain,26.5,72.46,1010.08,NaN,0.99,2.0,10.0
1545876000,26.9,78.0,11.29,290.0,0.0437,0.41,Light Rain,rain,29.3,72.75,1010.51,NaN,1.0,3.0,10.0
1545879600,28.0,74.0,11.42,291.0,0.0143,0.3,Humid and Overcast,cloudy,31.1,73.17,1010.61,NaN,1.0,5.0,10.0
1545883200,29.1,71.0,8.9,310.0,0.0051,0.22,Humid and Overcast,cloudy,33.1,73.82,1010.13,NaN,1.0,5.0,10.0
1545886800,30.0,69.0,9.42,268.0,0.0036,0.2,Humid and Overcast,cloudy,34.8,74.63,1009.3,NaN,1.0,6.0,10.0
1545890400,31.2,66.0,9.81,281.0,0.0066,0.19,Humid and Overcast,cloudy,36.8,75.23,1008.5,NaN,1.0,6.0,10.0
1545894000,31.6,65.0,9.17,267.0,0.0104,0.22,Humid and Overcast,cloudy,37.5,75.45,1007.7,NaN,0.96,5.0,10.0
1545897600,31.6,65.0,9.05,301.0,0.0166,0.26,Humid and Mostly Cloudy,partly-cloudy-day,37.5,75.47,1006.9,NaN,0.9,4.0,10.0
1545901200,31.2,66.0,10.73,285.0,0.0224,0.28,Humid and Mostly Cloudy,partly-cloudy-day,37.0,75.42,1006.53,NaN,0.86,2.0,9.04
1545904800,30.4,69.0,10.43,288.0,0.0236,0.31,Humid and Mostly Cloudy,partly-cloudy-day,35.8,75.29,1006.83,NaN,0.81,1.0,7.96
1545908400,29.4,73.0,9.87,295.0,0.0253,0.34,Humid and Mostly Cloudy,partly-cloudy-day,34.1,75.08,1007.55,NaN,0.78,0.0,7.13
1545912000,28.5,76.0,9.38,305.0,0.0253,0.36,Humid and Mostly Cloudy,partly-cloudy-night,32.7,74.95,1008.24,NaN,0.78,0.0,7.17
1545915600,28.1,78.0,8.93,313.0,0.0173,0.33,Humid and Mostly Cloudy,partly-cloudy-night,32.0,74.99,1008.86,NaN,0.84,0.0,8.79
1545919200,27.9,79.0,8.52,321.0,0.0079,0.24,Humid and Mostly Cloudy,partly-cloudy-night,31.7,75.09,1009.45,NaN,0.93,0.0,10.0
1545922800,27.7,80.0,8.19,326.0,0.0033,0.16,Humid and Overcast,cloudy,31.4,75.12,1009.77,NaN,1.0,0.0,10.0
1545926400,27.5,81.0,3.91,307.0,0.0,0.0,Humid and Mostly Cloudy,partly-cloudy-night,31.0,75.19,1009.5,NaN,0.79,0.0,8.12
1545930000,27.0,82.0,5.82,311.0,0.0,0.0,Humid and Mostly Cloudy,partly-cloudy-night,30.0,74.59,1009.02,NaN,0.88,0.0,10.0
1545933600,26.6,82.0,7.65,311.0,0.0,0.0,Humid and Overcast,cloudy,29.0,73.95,1008.59,NaN,0.96,0.0,10.0
1545937200,26.3,83.0,8.65,309.0,0.0,0.0,Humid and Overcast,cloudy,28.4,73.56,1008.26,NaN,1.0,0.0,10.0
1545940800,26.1,83.0,8.95,307.0,0.0,0.0,Humid and Overcast,cloudy,28.0,73.38,1007.99,NaN,1.0,0.0,10.0
1545944400,26.0,83.0,9.17,304.0,0.0,0.0,Humid and Overcast,cloudy,27.8,73.29,1007.95,NaN,1.0,0.0,10.0
1545948000,26.0,84.0,9.27,301.0,0.0,0.0,Humid and Overcast,cloudy,27.8,73.37,1008.35,NaN,1.0,0.0,10.0
1545951600,26.2,83.0,9.29,299.0,0.0,0.0,Humid and Overcast,cloudy,28.2,73.55,1008.99,NaN,1.0,0.0,10.0
1545955200,26.8,81.0,9.38,297.0,0.0,0.0,Humid and Overcast,cloudy,29.4,73.75,1009.54,NaN,0.99,0.0,10.0
1545958800,28.0,76.0,9.59,290.0,0.0004,0.06,Humid and Overcast,cloudy,31.4,73.99,1009.95,NaN,1.0,2.0,10.0
1545962400,29.3,71.0,9.92,289.0,0.0018,0.08,Humid and Overcast,cloudy,33.6,74.27,1010.28,NaN,1.0,3.0,10.0
1545966000,30.2,68.0,10.12,294.0,0.0042,0.13,Humid and Overcast,cloudy,35.1,74.46,1010.33,NaN,1.0,5.0,10.0
1545969600,30.5,67.0,10.18,351.0,0.0117,0.22,Humid and Overcast,cloudy,35.5,74.47,1009.95,NaN,1.0,5.0,10.0
1545973200,30.6,66.0,9.74,204.0,0.0314,0.28,Possible Light Rain,rain,35.5,74.36,1009.32,NaN,1.0,6.0,10.0
1545976800,31.0,64.0,9.88,274.0,0.0476,0.33,Light Rain,rain,36.1,74.29,1008.66,NaN,1.0,6.0,10.0
1545980400,31.1,64.0,8.04,277.0,0.0399,0.32,Light Rain,rain,36.1,74.33,1007.94,NaN,1.0,5.0,10.0
1545984000,31.0,65.0,7.28,317.0,0.0248,0.27,Humid and Overcast,cloudy,36.0,74.39,1007.2,NaN,1.0,4.0,9.65
1545987600,30.7,66.0,6.98,300.0,0.0163,0.21,Humid and Overcast,cloudy,35.7,74.4,1006.88,NaN,1.0,2.0,9.31
1545991200,30.0,68.0,2.82,72.0,0.0104,0.17,Humid and Overcast,cloudy,34.6,74.3,1007.23,NaN,1.0,1.0,9.38
1545994800,29.0,72.0,5.04,357.0,0.0055,0.15,Humid and Overcast,cloudy,33.1,74.16,1007.98,NaN,1.0,0.0,9.75
1545998400,28.1,76.0,5.89,326.0,0.0029,0.12,Humid and Overcast,cloudy,31.6,74.08,1008.71,NaN,1.0,0.0,10.0
1546002000,27.3,79.0,5.83,330.0,0.0019,0.11,Humid and Mostly Cloudy,partly-cloudy-night,30.3,74.09,1009.34,NaN,0.87,0.0,10.0
1546005600,26.8,82.0,5.74,336.0,0.0013,0.11,Humid and Mostly Cloudy,partly-cloudy-night,29.5,74.14,1009.96,NaN,0.7,0.0,10.0
1546009200,26.3,85.0,5.78,345.0,0.0008,0.09,Humid and Partly Cloudy,partly-cloudy-night,28.4,74.2,1010.33,NaN,0.58,0.0,10.0
1546012800,26.8,87.0,4.1,36.0,0.0124,0.23,Humid and Mostly Cloudy,partly-cloudy-night,30.0,75.93,1010.41,NaN,0.79,0.0,6.24
1546016400,26.6,86.0,3.32,306.0,0.0227,0.25,Humid and Mostly Cloudy,partly-cloudy-night,29.3,75.42,1010.24,NaN,0.86,0.0,7.0
1546020000,26.3,86.0,5.54,304.0,0.0278,0.26,Possible Light Rain,rain,28.6,74.89,1010.01,NaN,0.94,0.0,8.53
1546023600,26.1,87.0,4.99,283.0,0.0176,0.25,Humid and Overcast,cloudy,28.1,74.59,1009.67,NaN,0.98,0.0,10.0
1546027200,25.9,87.0,6.23,331.0,0.0054,0.18,Humid and Overcast,cloudy,27.7,74.44,1009.28,NaN,0.98,0.0,10.0
1546030800,25.6,88.0,8.02,319.0,0.0009,0.08,Humid and Overcast,cloudy,26.5,74.26,1009.15,NaN,0.99,0.0,10.0
1546034400,25.3,89.0,8.11,317.0,0.0,0.0,Humid and Overcast,cloudy,26.3,74.1,1009.54,NaN,0.99,0.0,10.0
1546038000,25.2,89.0,8.02,320.0,0.0,0.0,Humid and Overcast,cloudy,26.1,73.93,1010.18,NaN,0.99,0.0,10.0
1546041600,25.6,87.0,8.05,321.0,0.0,0.0,Humid and Overcast,cloudy,26.5,73.82,1010.76,NaN,0.99,0.0,10.0
1546045200,26.9,81.0,8.33,313.0,0.0,0.0,Humid and Overcast,cloudy,29.5,73.84,1011.26,NaN,1.0,2.0,10.0
1546048800,28.6,73.0,8.71,302.0,0.0,0.0,Humid and Overcast,cloudy,32.4,73.89,1011.71,NaN,1.0,3.0,10.0
1546052400,29.9,68.0,9.17,304.0,0.0,0.0,Humid and Overcast,cloudy,34.3,73.87,1011.83,NaN,1.0,5.0,10.0
1546056000,30.9,64.0,8.61,340.0,0.0002,0.04,Humid and Overcast,cloudy,35.6,73.81,1011.47,NaN,1.0,5.0,10.0
1546059600,31.6,61.0,8.99,242.0,0.0012,0.08,Humid and Overcast,cloudy,36.5,73.75,1010.8,NaN,1.0,6.0,10.0
1546063200,32.6,57.99999999999999,10.95,277.0,0.0026,0.1,Humid and Overcast,cloudy,37.7,73.71,1010.09,NaN,1.0,6.0,10.0
1546066800,32.7,56.99999999999999,10.31,265.0,0.004,0.09,Humid and Overcast,cloudy,37.9,73.67,1009.3,NaN,1.0,5.0,10.0
1546070400,32.4,57.99999999999999,9.12,297.0,0.006,0.09,Humid and Overcast,cloudy,37.5,73.59,1008.49,NaN,1.0,4.0,10.0
1546074000,31.8,60.0,9.84,278.0,0.0071,0.1,Humid and Overcast,cloudy,36.6,73.46,1008.06,NaN,1.0,2.0,10.0
1546077600,30.9,62.0,7.36,259.0,0.0054,0.07,Humid and Overcast,cloudy,35.3,73.18,1008.27,NaN,1.0,1.0,10.0
1546081200,29.8,66.0,6.81,309.0,0.0028,0.07,Humid and Overcast,cloudy,33.6,72.81,1008.87,NaN,1.0,0.0,10.0
1546084800,28.8,69.0,7.24,299.0,0.0014,0.06,Humid and Overcast,cloudy,32.2,72.61,1009.48,NaN,1.0,0.0,10.0
1546088400,28.0,73.0,7.28,304.0,0.0024,0.1,Humid and Overcast,cloudy,31.1,72.8,1010.05,NaN,1.0,0.0,10.0
1546092000,27.6,76.0,7.56,314.0,0.0081,0.15,Humid and Overcast,cloudy,30.6,73.25,1010.64,NaN,1.0,0.0,10.0
1546095600,27.0,80.0,7.84,320.0,0.0126,0.16,Humid and Overcast,cloudy,29.8,73.74,1010.99,NaN,1.0,0.0,9.61
1546099200,27.7,84.0,4.39,341.0,0.0,0.0,Humid and Mostly Cloudy,partly-cloudy-night,32.0,76.58,1011.38,NaN,0.79,0.0,7.52
1546102800,27.2,84.0,6.19,346.0,0.0008,0.06,Humid and Mostly Cloudy,partly-cloudy-night,30.8,75.75,1011.14,NaN,0.88,0.0,10.0
1546106400,26.7,85.0,7.8,348.0,0.0013,0.07,Humid and Overcast,cloudy,29.4,74.92,1010.9,NaN,0.96,0.0,10.0
1546110000,26.2,85.0,8.61,349.0,0.0008,0.06,Humid and Overcast,cloudy,28.4,74.48,1010.67,NaN,1.0,0.0,10.0
1546113600,26.0,87.0,8.89,348.0,0.0,0.0,Humid and Overcast,cloudy,27.8,74.35,1010.45,NaN,1.0,0.0,10.0
1546117200,25.8,87.0,9.04,347.0,0.0,0.0,Humid and Overcast,cloudy,27.4,74.25,1010.43,NaN,1.0,0.0,10.0
1546120800,25.7,88.0,9.09,346.0,0.0,0.0,Humid and Overcast,cloudy,26.6,74.23,1010.77,NaN,0.98,0.0,10.0
1546124400,25.8,87.0,8.99,344.0,0.0003,0.07,Humid and Overcast,cloudy,27.4,74.25,1011.3,NaN,0.96,0.0,10.0
1546128000,26.4,84.0,8.81,341.0,0.0005,0.08,Humid and Overcast,cloudy,28.7,74.27,1011.77,NaN,0.95,0.0,10.0
1546131600,27.7,78.0,8.46,337.0,0.0003,0.07,Humid and Overcast,cloudy,31.1,74.3,1012.17,NaN,0.95,2.0,10.0
1546135200,29.5,70.0,8.03,331.0,0.0,0.0,Humid and Overcast,cloudy,33.9,74.32,1012.51,NaN,0.96,3.0,10.0
1546138800,30.8,65.0,7.81,324.0,0.0,0.0,Humid and Overcast,cloudy,35.7,74.32,1012.56,NaN,0.96,5.0,10.0
1546142400,31.6,62.0,7.95,314.0,0.0,0.0,Humid and Overcast,cloudy,36.8,74.23,1012.13,NaN,0.97,6.0,10.0
1546146000,32.2,60.0,8.26,300.0,0.0,0.0,Humid and Overcast,cloudy,37.5,74.12,1011.41,NaN,0.98,6.0,10.0
1546149600,33.1,56.99999999999999,8.41,293.0,0.0,0.0,Humid and Overcast,cloudy,38.6,74.04,1010.72,NaN,0.98,6.0,10.0
1546153200,32.8,57.99999999999999,8.24,297.0,0.0019,0.1,Humid and Overcast,cloudy,38.2,74.06,1010.03,NaN,0.98,5.0,10.0
1546156800,32.1,60.0,7.89,309.0,0.0105,0.14,Humid and Overcast,cloudy,37.4,74.12,1009.36,NaN,0.98,4.0,10.0
1546160400,31.3,63.0,7.68,321.0,0.018,0.18,Humid and Overcast,cloudy,36.3,74.18,1009.1,NaN,0.95,2.0,10.0
1546164000,30.3,67.0,7.67,336.0,0.0128,0.16,Humid and Mostly Cloudy,partly-cloudy-day,35.1,74.31,1009.51,NaN,0.91,1.0,10.0
1546167600,29.2,72.0,7.78,352.0,0.0049,0.12,Humid and Mostly Cloudy,partly-cloudy-day,33.6,74.5,1010.31,NaN,0.85,0.0,10.0
1546171200,28.4,76.0,8.08,3.0,0.0022,0.1,Humid and Mostly Cloudy,partly-cloudy-night,32.4,74.6,1011.09,NaN,0.76,0.0,10.0
1546174800,27.7,78.0,8.83,5.0,0.001,0.06,Humid and Mostly Cloudy,partly-cloudy-night,31.2,74.54,1011.79,NaN,0.61,0.0,10.0
1546178400,27.2,81.0,9.72,1.0,0.0,0.0,Humid and Partly Cloudy,partly-cloudy-night,30.3,74.4,1012.46,NaN,0.43,0.0,10.0
1546182000,26.6,83.0,10.33,357.0,0.0,0.0,Humid and Partly Cloudy,partly-cloudy-night,29.2,74.34,1012.84,NaN,0.33,0.0,10.0
1546185600,26.5,86.0,4.47,353.0,0.0,0.0,Humid and Mostly Cloudy,partly-cloudy-night,29.1,75.15,1012.63,NaN,0.62,0.0,8.2
1546189200,26.4,86.0,7.13,352.0,0.0,0.0,Humid and Partly Cloudy,partly-cloudy-night,29.0,75.08,1012.25,NaN,0.4,0.0,10.0
1546192800,26.5,86.0,9.76,351.0,0.0,0.0,Humid,clear-night,29.0,74.99,1011.92,NaN,0.22,0.0,10.0
1546196400,26.4,86.0,11.12,349.0,0.0,0.0,Humid and Partly Cloudy,partly-cloudy-night,28.8,74.93,1011.62,NaN,0.33,0.0,10.0
1546200000,26.2,87.0,11.25,347.0,0.0,0.0,Humid and Mostly Cloudy,partly-cloudy-night,28.5,74.85,1011.34,NaN,0.61,0.0,10.0
1546203600,26.1,87.0,11.24,345.0,0.0,0.0,Humid and Mostly Cloudy,partly-cloudy-night,28.1,74.77,1011.3,NaN,0.82,0.0,10.0
1546207200,25.9,88.0,10.94,343.0,0.0,0.0,Humid and Mostly Cloudy,partly-cloudy-night,27.8,74.71,1011.67,NaN,0.87,0.0,10.0
1546210800,25.9,88.0,10.45,341.0,0.0,0.0,Humid and Mostly Cloudy,partly-cloudy-night,27.6,74.63,1012.26,NaN,0.83,0.0,10.0
1546214400,26.2,86.0,10.05,339.0,0.0,0.0,Humid and Mostly Cloudy,partly-cloudy-day,28.4,74.6,1012.79,NaN,0.82,0.0,10.0
1546218000,27.4,80.0,9.97,336.0,0.0,0.0,Humid and Mostly Cloudy,partly-cloudy-day,30.8,74.63,1013.18,NaN,0.87,2.0,10.0
1546221600,29.2,72.0,10.1,334.0,0.0,0.0,Humid and Overcast,cloudy,33.6,74.65,1013.49,NaN,0.95,3.0,10.0
1546225200,30.4,67.0,10.04,331.0,0.0,0.0,Humid and Overcast,cloudy,35.4,74.63,1013.48,NaN,1.0,5.0,10.0
1546228800,31.0,65.0,9.45,328.0,0.0013,0.11,Humid and Overcast,cloudy,36.1,74.57,1012.94,NaN,1.0,5.0,10.0
1546232400,31.4,64.0,8.51,325.0,0.0064,0.18,Humid and Overcast,cloudy,36.6,74.48,1012.1,NaN,1.0,6.0,10.0
1546236000,32.6,59.0,7.68,324.0,0.0134,0.21,Humid and Overcast,cloudy,38.2,74.42,1011.29,NaN,0.99,6.0,10.0
1546239600,32.4,60.0,7.28,325.0,0.0215,0.27,Humid and Overcast,cloudy,37.9,74.4,1010.52,NaN,0.98,5.0,10.0
1546243200,31.7,62.0,7.05,329.0,0.0374,0.29,Possible Light Rain,rain,37.1,74.41,1009.79,NaN,0.95,4.0,6.18
1546246800,30.8,65.0,7.04,332.0,0.0542,0.33,Rain,rain,35.8,74.41,1009.44,NaN,0.91,2.0,3.16
1546250400,30.0,68.0,7.4,338.0,0.0614,0.37,Rain,rain,34.7,74.38,1009.78,NaN,0.84,1.0,2.04
1546254000,29.1,72.0,7.94,343.0,0.0604,0.4,Rain,rain,33.4,74.38,1010.5,NaN,0.75,0.0,2.09
1546257600,28.4,75.0,8.38,345.0,0.0508,0.41,Light Rain,rain,32.3,74.36,1011.16,NaN,0.71,0.0,3.21
1546261200,27.8,78.0,8.67,345.0,0.0296,0.34,Light Rain,rain,31.3,74.35,1011.7,NaN,0.75,0.0,6.02
1546264800,27.2,80.0,8.9,345.0,0.01,0.2,Humid and Mostly Cloudy,partly-cloudy-night,30.3,74.36,1012.17,NaN,0.83,0.0,9.9
1546268400,26.9,82.0,9.03,346.0,0.0022,0.09,Humid and Mostly Cloudy,partly-cloudy-night,29.7,74.35,1012.4,NaN,0.89,0.0,10.0
1546272000,25.7,92.0,3.96,345.0,0.0,0.0,Humid and Mostly Cloudy,partly-cloudy-night,27.4,75.82,1012.38,NaN,0.63,0.0,8.31
1546275600,25.8,90.0,5.59,337.0,0.0,0.0,Humid and Partly Cloudy,partly-cloudy-night,27.5,75.19,1011.97,NaN,0.48,0.0,10.0
1546279200,25.9,87.0,7.25,334.0,0.0,0.0,Humid and Partly Cloudy,partly-cloudy-night,27.7,74.51,1011.59,NaN,0.39,0.0,10.0
1546282800,25.8,87.0,7.86,335.0,0.0,0.0,Humid and Partly Cloudy,partly-cloudy-night,27.5,74.15,1011.21,NaN,0.49,0.0,10.0
1546286400,25.6,87.0,7.57,334.0,0.0,0.0,Humid and Mostly Cloudy,partly-cloudy-night,26.5,74.06,1010.87,NaN,0.73,0.0,10.0
1546290000,25.5,88.0,7.33,332.0,0.0,0.0,Humid and Mostly Cloudy,partly-cloudy-night,26.4,73.97,1010.8,NaN,0.9,0.0,10.0
1546293600,25.3,89.0,7.02,327.0,0.0,0.0,Humid and Overcast,cloudy,26.2,73.93,1011.18,NaN,0.94,0.0,10.0
1546297200,25.4,88.0,6.77,320.0,0.0,0.0,Humid and Overcast,cloudy,26.3,73.88,1011.82,NaN,0.95,0.0,10.0
1546300800,25.9,85.0,6.8,314.0,0.0,0.0,Humid and Mostly Cloudy,partly-cloudy-day,27.7,73.88,1012.35,NaN,0.93,0.0,10.0
1546304400,27.4,79.0,7.35,307.0,0.0,0.0,Humid and Mostly Cloudy,partly-cloudy-day,30.4,73.91,1012.74,NaN,0.88,2.0,10.0
1546308000,29.1,71.0,8.19,301.0,0.0,0.0,Humid and Mostly Cloudy,partly-cloudy-day,33.2,74.0,1013.03,NaN,0.8,4.0,10.0
1546311600,30.4,66.0,8.92,298.0,0.0,0.0,Humid and Mostly Cloudy,partly-cloudy-day,35.1,74.14,1012.97,NaN,0.73,6.0,10.0
1546315200,31.1,64.0,9.44,295.0,0.0038,0.13,Humid and Mostly Cloudy,partly-cloudy-day,36.1,74.29,1012.39,NaN,0.7,7.0,10.0
1546318800,31.5,63.0,9.81,292.0,0.0208,0.2,Humid and Mostly Cloudy,partly-cloudy-day,36.9,74.46,1011.47,NaN,0.68,8.0,10.0
1546322400,32.8,59.0,9.93,293.0,0.0369,0.25,Possible Light Rain,rain,38.6,74.64,1010.61,NaN,0.68,7.0,10.0
1546326000,32.5,60.0,9.62,296.0,0.0308,0.25,Possible Light Rain,rain,38.4,74.86,1009.84,NaN,0.72,6.0,10.0
1546329600,31.8,63.0,9.06,302.0,0.0194,0.22,Humid and Mostly Cloudy,partly-cloudy-day,37.7,75.1,1009.11,NaN,0.77,4.0,10.0
1546333200,30.8,67.0,8.66,307.0,0.0157,0.19,Humid and Mostly Cloudy,partly-cloudy-day,36.4,75.25,1008.8,NaN,0.78,2.0,10.0
1546336800,29.8,71.0,8.65,310.0,0.0162,0.22,Humid and Mostly Cloudy,partly-cloudy-day,34.8,75.23,1009.16,NaN,0.7,1.0,9.33
1546340400,28.5,76.0,8.72,310.0,0.0188,0.23,Humid and Partly Cloudy,partly-cloudy-day,32.8,75.13,1009.92,NaN,0.58,0.0,7.49
1546344000,27.5,81.0,8.63,311.0,0.0188,0.24,Humid and Partly Cloudy,partly-cloudy-night,30.9,74.99,1010.62,NaN,0.45,0.0,6.94
1546347600,26.9,83.0,8.24,312.0,0.0104,0.18,Humid and Partly Cloudy,partly-cloudy-night,29.8,74.84,1011.13,NaN,0.3,0.0,8.81
1546351200,26.3,86.0,7.66,313.0,0.0023,0.11,Humid,clear-night,28.6,74.66,1011.58,NaN,0.14,0.0,10.0
1546354800,26.0,87.0,7.31,313.0,0.0004,0.05,Humid,clear-night,28.0,74.5,1011.8,NaN,0.06,0.0,10.0
1546358400,26.7,84.0,3.31,320.0,0.0007,0.09,Humid and Mostly Cloudy,partly-cloudy-night,29.4,74.79,1012.19,NaN,0.79,0.0,7.69
1546362000,26.2,85.0,5.02,318.0,0.0003,0.06,Humid and Mostly Cloudy,partly-cloudy-night,28.2,74.04,1011.79,NaN,0.84,0.0,10.0
1546365600,25.7,84.0,7.05,315.0,0.0,0.0,Humid and Mostly Cloudy,partly-cloudy-night,26.6,73.22,1011.37,NaN,0.89,0.0,10.0
1546369200,25.5,84.0,8.37,309.0,0.0,0.0,Humid and Mostly Cloudy,partly-cloudy-night,26.3,72.78,1010.91,NaN,0.93,0.0,10.0
1546372800,25.4,85.0,8.9,302.0,0.0,0.0,Humid and Overcast,cloudy,26.2,72.66,1010.42,NaN,0.97,0.0,10.0
1546376400,25.3,85.0,9.39,297.0,0.0,0.0,Humid and Overcast,cloudy,26.1,72.52,1010.18,NaN,1.0,0.0,10.0
1546380000,25.2,84.0,9.63,297.0,0.0,0.0,Humid and Overcast,cloudy,26.0,72.33,1010.41,NaN,1.0,0.0,10.0
1546383600,25.3,84.0,9.81,301.0,0.0,0.0,Humid and Overcast,cloudy,26.1,72.12,1010.9,NaN,1.0,0.0,10.0
1546387200,25.8,81.0,10.13,301.0,0.0,0.0,Humid and Overcast,cloudy,26.5,72.14,1011.3,NaN,1.0,0.0,10.0
1546390800,27.2,76.0,10.7,298.0,0.0,0.0,Humid and Overcast,cloudy,29.8,72.52,1011.55,NaN,1.0,2.0,10.0
1546394400,29.0,69.0,11.54,293.0,0.0004,0.03,Humid and Overcast,cloudy,32.7,73.1,1011.74,NaN,1.0,3.0,10.0
1546398000,30.3,66.0,12.38,289.0,0.001,0.04,Humid and Overcast,cloudy,34.6,73.55,1011.67,NaN,1.0,5.0,10.0
1546401600,30.8,64.0,12.94,287.0,0.0039,0.18,Humid and Overcast,cloudy,35.6,73.9,1011.24,NaN,1.0,5.0,10.0
1546405200,31.2,64.0,13.38,288.0,0.0135,0.24,Humid and Overcast,cloudy,36.2,74.21,1010.58,NaN,1.0,6.0,10.0
1546408800,32.3,60.0,13.65,292.0,0.0206,0.27,Humid and Overcast,cloudy,37.9,74.48,1009.88,NaN,0.99,6.0,10.0
1546412400,32.0,62.0,11.47,306.0,0.0131,0.26,Humid and Overcast,cloudy,37.6,74.64,1009.11,NaN,1.0,5.0,10.0
1546416000,31.2,65.0,12.19,276.0,0.0058,0.2,Humid and Overcast,cloudy,36.6,74.77,1008.29,NaN,1.0,4.0,10.0
1546419600,30.4,68.0,13.18,287.0,0.0055,0.16,Humid and Overcast,cloudy,35.5,74.85,1007.89,NaN,1.0,2.0,10.0
1546423200,29.8,71.0,11.6,276.0,0.0038,0.14,Humid and Overcast,cloudy,34.6,74.91,1008.2,NaN,1.0,1.0,10.0
1546426800,29.1,73.0,10.95,300.0,0.0013,0.09,Humid and Overcast,cloudy,33.7,74.93,1008.9,NaN,1.0,0.0,10.0
1546430400,28.7,75.0,11.81,288.0,0.0005,0.06,Humid and Overcast,cloudy,32.9,74.94,1009.56,NaN,1.0,0.0,10.0
1546434000,28.3,77.0,12.09,288.0,0.0006,0.06,Humid and Overcast,cloudy,32.3,74.98,1010.12,NaN,1.0,0.0,10.0
1546437600,27.9,79.0,12.65,289.0,0.0008,0.07,Humid and Overcast,cloudy,31.6,75.03,1010.62,NaN,1.0,0.0,10.0
1546441200,27.6,80.0,13.21,289.0,0.0008,0.07,Humid and Overcast,cloudy,31.2,75.04,1010.87,NaN,1.0,0.0,10.0
